"","Skewness","Kurtosis"
"Gated",0.75784682679892,2.89723440235188
"Traditional",1.03214643749582,3.28556056470871
