"","Skewness","Kurtosis"
"Gated",0.759088686352514,2.91114167410195
"Traditional",1.03073622352719,3.28044198410129
