"","Skewness","Kurtosis"
"Gated",1.74953773997247,5.77563421801568
"Traditional",1.97532127589716,6.65416509979857
