"","Skewness","Kurtosis"
"Gated",1.73785412824774,5.74540744415204
"Traditional",1.94790841240104,6.52858367874272
