"","Skewness","Kurtosis"
"Gated",1.72652389557467,5.67902905836042
"Traditional",1.94808398009574,6.52602015135479
