"","Skewness","Kurtosis"
"Gated",0.754186951129122,2.90094504726923
"Traditional",1.02591286369927,3.30331369728039
