"","Recommended Daily Intake (child 1-3 years)","Gated Trap Yield (trap^-1)","±SE","Traditional Trap Yield (trap^-1)","±SE","GLMM Estimate","±SE","Pr(>|z|)"
"Calcium (mg)",700,278.313072642571,10.5379279473008,212.906366153359,8.05762668014918,-138.042640330988,12.1305837194741,5.27691715220132e-30
"Iron (mg)",7,5.20268205010859,0.200528838016897,3.92363552298354,0.15469580896652,-2.50315137804315,0.241607897842115,3.7543901914985e-25
"Omega-3 (g)",0.7,1.37908549065462,0.0498751228540625,1.05757592106804,0.041225375397047,-0.636302560014557,0.0600868798704387,3.32625003790929e-26
"Vitamin A (µg)",300,448.644356576062,32.3311539794862,254.36554008964,15.7302533623216,-194.278643297093,37.1542829287912,1.70456709593411e-07
"Selenium (µg)",20,259.268712953666,12.4635408124982,163.649106938336,6.7433957164606,-191.744756355488,13.180591452225,6.05698301637716e-48
"Zinc (mg)",3,11.153126767344,0.476108894723462,7.86557956268739,0.312383387780333,-6.15119379069834,0.557832800221824,2.8331421152732e-28
