"","Df","Sum Sq","Mean Sq","F value","Pr(>F)"
"TrapType     ",1,0.0758475629503661,0.0758475629503661,5.43646154482529,0.0197876962061536
"Site         ",18,1.75385356814339,0.0974363093412997,6.98385983937695,9.41016596350221e-18
"GateCode     ",5,0.119246061917234,0.0238492123834469,1.7094198014223,0.128923002348343
"TrapType:Site",18,0.369032057504826,0.0205017809724904,1.46948879465397,0.0908696890156521
"Residuals    ",2945,41.0875844604188,0.0139516415824852,NA,NA
