"","Chisq","Df","Pr(>Chisq)"
"TrapType",14.1463509383938,1,0.000169124825402872
