"","Chisq","Df","Pr(>Chisq)"
"TrapType",0.0331795497732809,1,0.855463013211759
