"","Chisq","Df","Pr(>Chisq)"
"TrapType",15.2130336801389,1,9.60382853929693e-05
