"","Chisq","Df","Pr(>Chisq)"
"TrapType",0.257958930723616,1,0.61152587691262
