"","Df","Sum Sq","Mean Sq","F value","Pr(>F)"
"TrapType     ",1,44256.5181810475,44256.5181810475,1048.48336240334,3.87607985716583e-225
"Site         ",18,285515.549943229,15861.9749968461,375.786834631128,0
"GateCode     ",6,4887.3883689538,814.564728158967,19.2978932861695,1.42256003127281e-22
"TrapType:Site",18,44150.0417988374,2452.78009993541,58.1089347312817,5.17296560547069e-206
"Residuals    ",23847,1006582.67637579,42.2100338145591,NA,NA
