"","Chisq","Df","Pr(>Chisq)"
"TrapType",118.556957727139,1,1.3093969092212e-27
"Site",1599.33492417662,12,0
